3,98,4wePQ8DCU7u3v1Y4F0n1ypINo5E=,Kvn8JRSRMo8hNY0Fqg1i7akzyqs=
3,97,4wePQ8DCU7u3v1Y4F0n1ypINo5E=,Kvn8JRSRMo8hNY0Fqg1i7akzyqs=
3,96,4wePQ8DCU7u3v1Y4F0n1ypINo5E=,Kvn8JRSRMo8hNY0Fqg1i7akzyqs=
2,98,4wePQ8DCU7u3v1Y4F0n1ypINo5E=,Kvn8JRSRMo8hNY0Fqg1i7akzyqs=
2,96,4wePQ8DCU7u3v1Y4F0n1ypINo5E=,Kvn8JRSRMo8hNY0Fqg1i7akzyqs=
2,97,4wePQ8DCU7u3v1Y4F0n1ypINo5E=,Kvn8JRSRMo8hNY0Fqg1i7akzyqs=
1,97,NpxkxeiZaFiIKRvSX7KoYhtyy2U=,Kvn8JRSRMo8hNY0Fqg1i7akzyqs=
1,96,NpxkxeiZaFiIKRvSX7KoYhtyy2U=,Kvn8JRSRMo8hNY0Fqg1i7akzyqs=
1,98,NpxkxeiZaFiIKRvSX7KoYhtyy2U=,Kvn8JRSRMo8hNY0Fqg1i7akzyqs=
0,96,NpxkxeiZaFiIKRvSX7KoYhtyy2U=,Kvn8JRSRMo8hNY0Fqg1i7akzyqs=
0,97,NpxkxeiZaFiIKRvSX7KoYhtyy2U=,Kvn8JRSRMo8hNY0Fqg1i7akzyqs=
0,98,NpxkxeiZaFiIKRvSX7KoYhtyy2U=,Kvn8JRSRMo8hNY0Fqg1i7akzyqs=
7,98,NpxkxeiZaFiIKRvSX7KoYhtyy2U=,Kvn8JRSRMo8hNY0Fqg1i7akzyqs=
7,97,NpxkxeiZaFiIKRvSX7KoYhtyy2U=,Kvn8JRSRMo8hNY0Fqg1i7akzyqs=
7,96,1w7hcUPdjZNc1Ui2Zddiet6JHJ8=,Kvn8JRSRMo8hNY0Fqg1i7akzyqs=
6,98,1w7hcUPdjZNc1Ui2Zddiet6JHJ8=,Kvn8JRSRMo8hNY0Fqg1i7akzyqs=
6,96,1w7hcUPdjZNc1Ui2Zddiet6JHJ8=,oDEGlrUJMCe4/PoiwQmbOJ4wH/A=
6,97,1w7hcUPdjZNc1Ui2Zddiet6JHJ8=,Jd5A3w3hJ/ciRX2P3nuDGpobtSE=
5,97,1w7hcUPdjZNc1Ui2Zddiet6JHJ8=,hJbg6tz4x8ygwuOe4kIxOGsmlUo=
5,96,1w7hcUPdjZNc1Ui2Zddiet6JHJ8=,b0V4J/jJl3rel236i+gpKkxaqRw=
5,98,1w7hcUPdjZNc1Ui2Zddiet6JHJ8=,Kvn8JRSRMo8hNY0Fqg1i7akzyqs=
4,96,OT43+6zjZt3uiyzi/YXTSd0RBKg=,Kvn8JRSRMo8hNY0Fqg1i7akzyqs=
4,97,OT43+6zjZt3uiyzi/YXTSd0RBKg=,Kvn8JRSRMo8hNY0Fqg1i7akzyqs=
4,98,OT43+6zjZt3uiyzi/YXTSd0RBKg=,Kvn8JRSRMo8hNY0Fqg1i7akzyqs=
11,98,OT43+6zjZt3uiyzi/YXTSd0RBKg=,9tj5ZtfWIFx6lUQLpwEgImI93yI=
11,97,OT43+6zjZt3uiyzi/YXTSd0RBKg=,9tj5ZtfWIFx6lUQLpwEgImI93yI=
11,96,OT43+6zjZt3uiyzi/YXTSd0RBKg=,9tj5ZtfWIFx6lUQLpwEgImI93yI=
10,98,OT43+6zjZt3uiyzi/YXTSd0RBKg=,9tj5ZtfWIFx6lUQLpwEgImI93yI=
10,96,RAQ6XF2B7XDjt7WebCsFY8cL7n4=,9tj5ZtfWIFx6lUQLpwEgImI93yI=
10,97,RAQ6XF2B7XDjt7WebCsFY8cL7n4=,9tj5ZtfWIFx6lUQLpwEgImI93yI=
9,97,RAQ6XF2B7XDjt7WebCsFY8cL7n4=,9tj5ZtfWIFx6lUQLpwEgImI93yI=
9,96,RAQ6XF2B7XDjt7WebCsFY8cL7n4=,9tj5ZtfWIFx6lUQLpwEgImI93yI=
9,98,RAQ6XF2B7XDjt7WebCsFY8cL7n4=,9tj5ZtfWIFx6lUQLpwEgImI93yI=
8,96,RAQ6XF2B7XDjt7WebCsFY8cL7n4=,9tj5ZtfWIFx6lUQLpwEgImI93yI=
8,97,RAQ6XF2B7XDjt7WebCsFY8cL7n4=,9tj5ZtfWIFx6lUQLpwEgImI93yI=
8,98,RAQ6XF2B7XDjt7WebCsFY8cL7n4=,9tj5ZtfWIFx6lUQLpwEgImI93yI=
15,98,EDOmJ0LT/MC340iX2vs/Mf00kpw=,Fp8dU49mPk75YR4eXK6rj6zznxc=
15,97,EDOmJ0LT/MC340iX2vs/Mf00kpw=,UWTUGvbATb2QSO61cPTACPXEGoQ=
15,96,EDOmJ0LT/MC340iX2vs/Mf00kpw=,9tj5ZtfWIFx6lUQLpwEgImI93yI=
14,98,EDOmJ0LT/MC340iX2vs/Mf00kpw=,nc1/sZqpQE3UAHLtxdbJpR880nY=
14,96,EDOmJ0LT/MC340iX2vs/Mf00kpw=,9tj5ZtfWIFx6lUQLpwEgImI93yI=
14,97,EDOmJ0LT/MC340iX2vs/Mf00kpw=,xQoWy0cDNjF3lGr7SiZ1+4MqiSM=
13,97,lw1TTYeZ9OvG/q7Vk+pqjxy3JAg=,5NC7QElxppuKoiOp4jpEpB0mbvU=
13,96,lw1TTYeZ9OvG/q7Vk+pqjxy3JAg=,UWTUGvbATb2QSO61cPTACPXEGoQ=
13,98,lw1TTYeZ9OvG/q7Vk+pqjxy3JAg=,nc1/sZqpQE3UAHLtxdbJpR880nY=
12,96,lw1TTYeZ9OvG/q7Vk+pqjxy3JAg=,HMamGdMESQ8z87HD66nTOBySpsA=
12,97,lw1TTYeZ9OvG/q7Vk+pqjxy3JAg=,RHRCCOsKJ553DIF7skmWIodEcIQ=
12,98,lw1TTYeZ9OvG/q7Vk+pqjxy3JAg=,agwv2pDyoOJZW1a5Js1X2oXtRBs=
19,98,lw1TTYeZ9OvG/q7Vk+pqjxy3JAg=,gOLsGRBmxicR82guOUM3t1yFaMU=
19,97,lw1TTYeZ9OvG/q7Vk+pqjxy3JAg=,vgo7OtrJUXJl50Jv2c2msjVAuyE=
19,96,lw1TTYeZ9OvG/q7Vk+pqjxy3JAg=,H3nL+u5pTeY+B5ExvieKwI3nYXA=
18,98,/YwgR5zC65yHWh4YrE3Qr41Tp68=,H3nL+u5pTeY+B5ExvieKwI3nYXA=
18,96,/YwgR5zC65yHWh4YrE3Qr41Tp68=,lcxIkJKM3PXnE3q7/cqkwqcRnig=
18,97,/YwgR5zC65yHWh4YrE3Qr41Tp68=,GqAPJh6BbNdZD2cRt7Ghc1vteCk=
17,97,/YwgR5zC65yHWh4YrE3Qr41Tp68=,+IcgEsb4/O7Xo4wk9RpLK72lZa0=
17,96,/YwgR5zC65yHWh4YrE3Qr41Tp68=,gOLsGRBmxicR82guOUM3t1yFaMU=
17,98,/YwgR5zC65yHWh4YrE3Qr41Tp68=,GqAPJh6BbNdZD2cRt7Ghc1vteCk=
16,96,lDQSPtFSekbYeXWeGeQkKtlx6hI=,H3nL+u5pTeY+B5ExvieKwI3nYXA=
16,97,lDQSPtFSekbYeXWeGeQkKtlx6hI=,vgo7OtrJUXJl50Jv2c2msjVAuyE=
16,98,lDQSPtFSekbYeXWeGeQkKtlx6hI=,GAl5QHt5hcvjaLIT2frT8MCkQiU=
23,98,lDQSPtFSekbYeXWeGeQkKtlx6hI=,2aYK6jksQ09T0rOlkEwHc25pRL4=
23,97,lDQSPtFSekbYeXWeGeQkKtlx6hI=,2aYK6jksQ09T0rOlkEwHc25pRL4=
23,96,lDQSPtFSekbYeXWeGeQkKtlx6hI=,2aYK6jksQ09T0rOlkEwHc25pRL4=
22,98,E319VwqiarBf5Sxlk7aHP3SEnuc=,2aYK6jksQ09T0rOlkEwHc25pRL4=
22,96,E319VwqiarBf5Sxlk7aHP3SEnuc=,2aYK6jksQ09T0rOlkEwHc25pRL4=
22,97,E319VwqiarBf5Sxlk7aHP3SEnuc=,2aYK6jksQ09T0rOlkEwHc25pRL4=
21,97,E319VwqiarBf5Sxlk7aHP3SEnuc=,2aYK6jksQ09T0rOlkEwHc25pRL4=
21,96,E319VwqiarBf5Sxlk7aHP3SEnuc=,2aYK6jksQ09T0rOlkEwHc25pRL4=
21,98,E319VwqiarBf5Sxlk7aHP3SEnuc=,2aYK6jksQ09T0rOlkEwHc25pRL4=
20,96,E319VwqiarBf5Sxlk7aHP3SEnuc=,gOLsGRBmxicR82guOUM3t1yFaMU=
20,97,E319VwqiarBf5Sxlk7aHP3SEnuc=,BDJHK/pIgeTs9smmW+S4q4u9yXw=
20,98,E319VwqiarBf5Sxlk7aHP3SEnuc=,2aYK6jksQ09T0rOlkEwHc25pRL4=
27,98,9HjLNuKfYA1QCP4KTBuMoDq5qXs=,UaU07Xn0sRt6JqMUHIyUdLwYVEU=
27,97,9HjLNuKfYA1QCP4KTBuMoDq5qXs=,UaU07Xn0sRt6JqMUHIyUdLwYVEU=
27,96,9HjLNuKfYA1QCP4KTBuMoDq5qXs=,UaU07Xn0sRt6JqMUHIyUdLwYVEU=
26,98,9HjLNuKfYA1QCP4KTBuMoDq5qXs=,UaU07Xn0sRt6JqMUHIyUdLwYVEU=
26,96,9HjLNuKfYA1QCP4KTBuMoDq5qXs=,UaU07Xn0sRt6JqMUHIyUdLwYVEU=
26,97,9HjLNuKfYA1QCP4KTBuMoDq5qXs=,UaU07Xn0sRt6JqMUHIyUdLwYVEU=
25,97,4USrZ4SChnkcjGCsnt/n9x6v/Yw=,UaU07Xn0sRt6JqMUHIyUdLwYVEU=
25,96,4USrZ4SChnkcjGCsnt/n9x6v/Yw=,UaU07Xn0sRt6JqMUHIyUdLwYVEU=
25,98,4USrZ4SChnkcjGCsnt/n9x6v/Yw=,UaU07Xn0sRt6JqMUHIyUdLwYVEU=
24,96,4USrZ4SChnkcjGCsnt/n9x6v/Yw=,UaU07Xn0sRt6JqMUHIyUdLwYVEU=
24,97,4USrZ4SChnkcjGCsnt/n9x6v/Yw=,UaU07Xn0sRt6JqMUHIyUdLwYVEU=
24,98,4USrZ4SChnkcjGCsnt/n9x6v/Yw=,UaU07Xn0sRt6JqMUHIyUdLwYVEU=
31,98,4USrZ4SChnkcjGCsnt/n9x6v/Yw=,UaU07Xn0sRt6JqMUHIyUdLwYVEU=
31,97,4USrZ4SChnkcjGCsnt/n9x6v/Yw=,UaU07Xn0sRt6JqMUHIyUdLwYVEU=
31,96,4USrZ4SChnkcjGCsnt/n9x6v/Yw=,UaU07Xn0sRt6JqMUHIyUdLwYVEU=
30,98,z0uNt82KjIaLaypsXQb4CS9UVAc=,UaU07Xn0sRt6JqMUHIyUdLwYVEU=
30,96,z0uNt82KjIaLaypsXQb4CS9UVAc=,UaU07Xn0sRt6JqMUHIyUdLwYVEU=
30,97,z0uNt82KjIaLaypsXQb4CS9UVAc=,UaU07Xn0sRt6JqMUHIyUdLwYVEU=
29,97,z0uNt82KjIaLaypsXQb4CS9UVAc=,UaU07Xn0sRt6JqMUHIyUdLwYVEU=
29,96,z0uNt82KjIaLaypsXQb4CS9UVAc=,UaU07Xn0sRt6JqMUHIyUdLwYVEU=
29,98,z0uNt82KjIaLaypsXQb4CS9UVAc=,UaU07Xn0sRt6JqMUHIyUdLwYVEU=
28,96,W7Lt8gzlkADSe0w83u24F/EF0o0=,UaU07Xn0sRt6JqMUHIyUdLwYVEU=
28,97,W7Lt8gzlkADSe0w83u24F/EF0o0=,UaU07Xn0sRt6JqMUHIyUdLwYVEU=
28,98,W7Lt8gzlkADSe0w83u24F/EF0o0=,UaU07Xn0sRt6JqMUHIyUdLwYVEU=
